Year,Grado urbanización,Municipio,GeoCode,Value
2020,,,,12.7793
2020,Ciudades,,,5.2231
2020,Zona de densidad intermedia,,,13.8775
2020,Zona rural,,,35.3791
2020,Zona rural,Abla,A04001,47.1642
2020,Zona rural,Abrucena,A04002,7.1642
2020,Zona de densidad intermedia,Adra,A04003,26.3708
2020,Zona rural,Albanchez,A04004,33.7461
2020,Zona rural,Alboloduy,A04005,97.5124
2020,Zona de densidad intermedia,Albox,A04006,23.0198
2020,Zona rural,Alcolea,A04007,100.0
2020,Zona rural,Alcóntar,A04008,72.9885
2020,Zona rural,Alcudia de Monteagud,A04009,100.0
2020,Zona rural,Alhabia,A04010,91.4286
2020,Zona rural,Alhama de Almería,A04011,2.6746
2020,Zona rural,Alicún,A04012,100.0
2020,Ciudades,Almería,A04013,3.6793
2020,Zona rural,Almócita,A04014,100.0
2020,Zona rural,Alsodux,A04015,100.0
2020,Zona rural,Antas,A04016,43.514
2020,Zona rural,Arboleas,A04017,89.8426
2020,Zona rural,Armuña de Almanzora,A04018,3.3708
2020,Zona rural,Bacares,A04019,67.7083
2020,Zona rural,Bayárcal,A04020,0.0
2020,Zona rural,Bayarque,A04021,21.9178
2020,Zona rural,Bédar,A04022,100.0
2020,Zona rural,Beires,A04023,100.0
2020,Zona de densidad intermedia,Benahadux,A04024,9.9048
2020,Zona rural,Benitagla,A04026,100.0
2020,Zona rural,Benizalón,A04027,100.0
2020,Zona rural,Bentarique,A04028,100.0
2020,Zona de densidad intermedia,Berja,A04029,31.2807
2020,Zona rural,Canjáyar,A04030,97.6378
2020,Zona rural,Cantoria,A04031,79.1583
2020,Zona de densidad intermedia,Carboneras,A04032,32.8283
2020,Zona rural,Castro de Filabres,A04033,100.0
2020,Zona rural,Cóbdar,A04034,100.0
2020,Zona de densidad intermedia,Cuevas del Almanzora,A04035,55.7479
2020,Zona rural,Chercos,A04036,100.0
2020,Zona rural,Chirivel,A04037,99.8035
2020,Zona rural,Dalías,A04038,99.8716
2020,Zona rural,Enix,A04041,100.0
2020,Zona rural,Felix,A04043,100.0
2020,Zona rural,Fines,A04044,100.0
2020,Zona rural,Fiñana,A04045,99.5951
2020,Zona rural,Fondón,A04046,31.4286
2020,Zona rural,Gádor,A04047,100.0
2020,Zona rural,"Gallardos, Los",A04048,58.4367
2020,Zona de densidad intermedia,Garrucha,A04049,29.4218
2020,Zona rural,Gérgal,A04050,33.2016
2020,Zona rural,Huécija,A04051,100.0
2020,Ciudades,Huércal de Almería,A04052,11.0052
2020,Zona de densidad intermedia,Huércal-Overa,A04053,41.1747
2020,Zona rural,Íllar,A04054,100.0
2020,Zona rural,Instinción,A04055,0.0
2020,Zona rural,Laroya,A04056,7.6923
2020,Zona rural,Láujar de Andarax,A04057,4.8649
2020,Zona rural,Líjar,A04058,100.0
2020,Zona rural,Lubrín,A04059,64.6655
2020,Zona rural,Lucainena de las Torres,A04060,100.0
2020,Zona rural,Lúcar,A04061,27.9188
2020,Zona de densidad intermedia,Macael,A04062,0.1022
2020,Zona rural,María,A04063,11.0512
2020,Zona rural,Mojácar,A04064,92.0415
2020,Zona rural,Nacimiento,A04065,100.0
2020,Zona de densidad intermedia,Níjar,A04066,68.0471
2020,Zona rural,Ohanes,A04067,38.191
2020,Zona rural,Olula de Castro,A04068,100.0
2020,Zona de densidad intermedia,Olula del Río,A04069,11.4604
2020,Zona rural,Oria,A04070,96.2617
2020,Zona rural,Padules,A04071,100.0
2020,Zona rural,Partaloa,A04072,87.8995
2020,Zona rural,Paterna del Río,A04073,33.913
2020,Zona de densidad intermedia,Pechina,A04074,61.7706
2020,Zona de densidad intermedia,Pulpí,A04075,42.4847
2020,Zona rural,Purchena,A04076,0.9174
2020,Zona rural,Rágol,A04077,0.0
2020,Zona rural,Rioja,A04078,13.3333
2020,Zona de densidad intermedia,Roquetas de Mar,A04079,13.7541
2020,Zona rural,Santa Cruz de Marchena,A04080,100.0
2020,Zona rural,Santa Fe de Mondújar,A04081,99.0566
2020,Zona rural,Senés,A04082,100.0
2020,Zona rural,Serón,A04083,98.9619
2020,Zona rural,Sierro,A04084,100.0
2020,Zona rural,Somontín,A04085,8.1481
2020,Zona rural,Sorbas,A04086,98.0422
2020,Zona rural,Suflí,A04087,2.381
2020,Zona rural,Tabernas,A04088,17.5
2020,Zona rural,Taberno,A04089,44.5902
2020,Zona rural,Tahal,A04090,99.0826
2020,Zona rural,Terque,A04091,1.626
2020,Zona rural,Tíjola,A04092,19.4362
2020,Zona rural,Turre,A04093,62.1413
2020,Zona rural,Turrillas,A04094,100.0
2020,Zona rural,Uleila del Campo,A04095,9.9206
2020,Zona rural,Urrácal,A04096,7.2917
2020,Zona rural,Velefique,A04097,100.0
2020,Zona rural,Vélez-Blanco,A04098,29.7597
2020,Zona de densidad intermedia,Vélez-Rubio,A04099,16.2008
2020,Zona de densidad intermedia,Vera,A04100,22.2533
2020,Ciudades,Viator,A04101,8.6262
2020,Ciudades,Vícar,A04102,17.7308
2020,Zona rural,Zurgena,A04103,92.3379
2020,Zona rural,"Tres Villas, Las",A04901,98.8571
2020,Zona de densidad intermedia,"Ejido, El",A04902,6.3518
2020,Zona de densidad intermedia,"Mojonera, La",A04903,24.9682
2020,Zona rural,Balanegra,A04904,100.0
2020,Zona rural,Alcalá de los Gazules,A11001,9.3976
2020,Zona rural,Alcalá del Valle,A11002,8.9827
2020,Zona rural,Algar,A11003,0.6452
2020,Ciudades,Algeciras,A11004,19.0584
2020,Zona rural,Algodonales,A11005,95.7746
2020,Zona de densidad intermedia,Arcos de la Frontera,A11006,12.671
2020,Zona de densidad intermedia,Barbate,A11007,2.1201
2020,Zona de densidad intermedia,"Barrios, Los",A11008,3.2963
2020,Zona rural,Benaocaz,A11009,89.2562
2020,Zona de densidad intermedia,Bornos,A11010,0.229
2020,Zona rural,"Bosque, El",A11011,0.0
2020,Ciudades,Cádiz,A11012,0.0
2020,Zona rural,Castellar de la Frontera,A11013,0.4739
2020,Zona de densidad intermedia,Conil de la Frontera,A11014,17.1668
2020,Ciudades,Chiclana de la Frontera,A11015,23.0646
2020,Zona de densidad intermedia,Chipiona,A11016,16.6894
2020,Zona rural,Espera,A11017,2.6432
2020,Zona rural,"Gastor, El",A11018,5.4645
2020,Zona rural,Grazalema,A11019,0.2488
2020,Ciudades,Jerez de la Frontera,A11020,4.4409
2020,Zona rural,Jimena de la Frontera,A11021,60.3352
2020,Ciudades,"Línea de la Concepción, La",A11022,50.9277
2020,Zona de densidad intermedia,Medina Sidonia,A11023,5.1948
2020,Zona de densidad intermedia,Olvera,A11024,7.2801
2020,Zona de densidad intermedia,Paterna de Rivera,A11025,0.3722
2020,Zona de densidad intermedia,Prado del Rey,A11026,0.0
2020,Ciudades,"Puerto de Santa María, El",A11027,11.0572
2020,Zona de densidad intermedia,Puerto Real,A11028,3.6861
2020,Zona de densidad intermedia,Puerto Serrano,A11029,0.232
2020,Zona de densidad intermedia,Rota,A11030,9.4795
2020,Ciudades,San Fernando,A11031,0.7614
2020,Ciudades,Sanlúcar de Barrameda,A11032,14.689
2020,Zona de densidad intermedia,San Roque,A11033,33.7651
2020,Zona rural,Setenil de las Bodegas,A11034,100.0
2020,Zona de densidad intermedia,Tarifa,A11035,15.8769
2020,Zona rural,Torre Alháquime,A11036,100.0
2020,Zona de densidad intermedia,Trebujena,A11037,0.0803
2020,Zona de densidad intermedia,Ubrique,A11038,0.5443
2020,Zona de densidad intermedia,Vejer de la Frontera,A11039,7.6887
2020,Zona rural,Villaluenga del Rosario,A11040,0.0
2020,Zona de densidad intermedia,Villamartín,A11041,0.5414
2020,Zona rural,Zahara,A11042,94.822
2020,Zona de densidad intermedia,Benalup-Casas Viejas,A11901,4.1247
2020,Zona rural,San José del Valle,A11902,14.557
2020,Zona rural,San Martín del Tesorillo,A11903,76.5957
2020,Zona rural,Adamuz,A14001,0.0
2020,Zona de densidad intermedia,Aguilar de la Frontera,A14002,98.4159
2020,Zona rural,Alcaracejos,A14003,0.7109
2020,Zona rural,Almedinilla,A14004,30.2583
2020,Zona de densidad intermedia,Almodóvar del Río,A14005,17.5342
2020,Zona rural,Añora,A14006,0.0
2020,Zona de densidad intermedia,Baena,A14007,11.8125
2020,Zona rural,Belalcázar,A14008,0.5869
2020,Zona rural,Belmez,A14009,16.182
2020,Zona rural,Benamejí,A14010,6.5574
2020,Zona rural,"Blázquez, Los",A14011,0.0
2020,Zona de densidad intermedia,Bujalance,A14012,4.7973
2020,Zona de densidad intermedia,Cabra,A14013,2.9441
2020,Zona rural,Cañete de las Torres,A14014,0.0
2020,Zona rural,Carcabuey,A14015,2.5862
2020,Zona rural,Cardeña,A14016,1.2136
2020,Zona de densidad intermedia,"Carlota, La",A14017,50.3028
2020,Zona rural,"Carpio, El",A14018,5.2273
2020,Zona de densidad intermedia,Castro del Río,A14019,6.2219
2020,Zona rural,Conquista,A14020,0.0
2020,Ciudades,Córdoba,A14021,5.6445
2020,Zona rural,Doña Mencía,A14022,0.0
2020,Zona rural,Dos Torres,A14023,0.0
2020,Zona rural,Encinas Reales,A14024,5.3305
2020,Zona rural,Espejo,A14025,0.11
2020,Zona rural,Espiel,A14026,21.0526
2020,Zona de densidad intermedia,Fernán-Núñez,A14027,0.3865
2020,Zona rural,Fuente la Lancha,A14028,0.0
2020,Zona rural,Fuente Obejuna,A14029,53.5568
2020,Zona de densidad intermedia,Fuente Palmera,A14030,47.294
2020,Zona rural,Fuente-Tójar,A14031,1.7241
2020,Zona rural,"Granjuela, La",A14032,0.0
2020,Zona rural,Guadalcázar,A14033,1.7621
2020,Zona rural,"Guijo, El",A14034,100.0
2020,Zona de densidad intermedia,Hinojosa del Duque,A14035,15.2137
2020,Zona rural,Hornachuelos,A14036,15.528
2020,Zona rural,Iznájar,A14037,43.8581
2020,Zona de densidad intermedia,Lucena,A14038,7.5977
2020,Zona rural,Luque,A14039,97.1056
2020,Zona de densidad intermedia,Montalbán de Córdoba,A14040,8.3417
2020,Zona rural,Montemayor,A14041,0.0
2020,Zona de densidad intermedia,Montilla,A14042,3.9571
2020,Zona de densidad intermedia,Montoro,A14043,62.7216
2020,Zona rural,Monturque,A14044,10.8696
2020,Zona rural,Moriles,A14045,10.5611
2020,Zona de densidad intermedia,Nueva Carteya,A14046,0.0
2020,Zona rural,Obejo,A14047,49.6644
2020,Zona rural,Palenciana,A14048,0.0
2020,Zona de densidad intermedia,Palma del Río,A14049,2.038
2020,Zona rural,Pedro Abad,A14050,1.6917
2020,Zona rural,Pedroche,A14051,0.0
2020,Zona de densidad intermedia,Peñarroya-Pueblonuevo,A14052,2.38
2020,Zona de densidad intermedia,Posadas,A14053,1.4137
2020,Zona de densidad intermedia,Pozoblanco,A14054,0.032
2020,Zona de densidad intermedia,Priego de Córdoba,A14055,20.308
2020,Zona de densidad intermedia,Puente Genil,A14056,8.2464
2020,Zona de densidad intermedia,"Rambla, La",A14057,1.1782
2020,Zona de densidad intermedia,Rute,A14058,15.9014
2020,Zona rural,San Sebastián de los Ballesteros,A14059,97.6077
2020,Zona rural,Santaella,A14060,6.17
2020,Zona rural,Santa Eufemia,A14061,0.0
2020,Zona rural,Torrecampo,A14062,0.0
2020,Zona rural,Valenzuela,A14063,0.0
2020,Zona rural,Valsequillo,A14064,0.0
2020,Zona rural,"Victoria, La",A14065,3.5047
2020,Zona de densidad intermedia,Villa del Río,A14066,0.1566
2020,Zona rural,Villafranca de Córdoba,A14067,46.1224
2020,Zona rural,Villaharta,A14068,0.0
2020,Zona de densidad intermedia,Villanueva de Córdoba,A14069,0.0
2020,Zona rural,Villanueva del Duque,A14070,0.0
2020,Zona rural,Villanueva del Rey,A14071,73.2394
2020,Zona rural,Villaralto,A14072,9.0667
2020,Zona rural,Villaviciosa de Córdoba,A14073,2.2989
2020,Zona rural,"Viso, El",A14074,0.0
2020,Zona rural,Zuheros,A14075,0.0
2020,Zona rural,Fuente Carreteros,A14901,100.0
2020,Zona rural,"Guijarrosa, La",A14902,100.0
2020,Zona rural,Agrón,A18001,100.0
2020,Zona rural,Alamedilla,A18002,100.0
2020,Zona de densidad intermedia,Albolote,A18003,0.6397
2020,Zona rural,Albondón,A18004,97.5904
2020,Zona rural,Albuñán,A18005,4.3478
2020,Zona rural,Albuñol,A18006,45.3975
2020,Zona rural,Albuñuelas,A18007,59.4096
2020,Zona rural,Aldeire,A18010,0.0
2020,Zona de densidad intermedia,Alfacar,A18011,24.3961
2020,Zona rural,Algarinejo,A18012,45.4545
2020,Zona rural,Alhama de Granada,A18013,13.3641
2020,Zona de densidad intermedia,Alhendín,A18014,6.1181
2020,Zona rural,Alicún de Ortega,A18015,0.0
2020,Zona rural,Almegíjar,A18016,100.0
2020,Zona de densidad intermedia,Almuñécar,A18017,42.0375
2020,Zona rural,Alquife,A18018,1.7143
2020,Zona rural,Arenas del Rey,A18020,25.3623
2020,Ciudades,Armilla,A18021,2.2877
2020,Zona de densidad intermedia,Atarfe,A18022,2.0399
2020,Zona de densidad intermedia,Baza,A18023,17.7144
2020,Zona rural,Beas de Granada,A18024,9.465
2020,Zona rural,Beas de Guadix,A18025,31.7073
2020,Zona rural,Benalúa,A18027,66.8919
2020,Zona rural,Benalúa de las Villas,A18028,68.4615
2020,Zona rural,Benamaurel,A18029,68.75
2020,Zona rural,Bérchules,A18030,96.5517
2020,Zona rural,Bubión,A18032,1.7241
2020,Zona rural,Busquístar,A18033,91.6667
2020,Zona rural,Cacín,A18034,0.0
2020,Zona rural,Cádiar,A18035,65.9631
2020,Ciudades,Cájar,A18036,52.9489
2020,Zona rural,Calicasas,A18037,100.0
2020,Zona rural,Campotéjar,A18038,4.5455
2020,Zona rural,Caniles,A18039,16.8159
2020,Zona rural,Cáñar,A18040,37.5
2020,Zona rural,Capileira,A18042,0.0
2020,Zona rural,Carataunas,A18043,20.0
2020,Zona rural,Cástaras,A18044,96.4286
2020,Zona rural,Castilléjar,A18045,98.1395
2020,Zona rural,Castril,A18046,62.9393
2020,Zona de densidad intermedia,Cenes de la Vega,A18047,0.0
2020,Zona rural,Cijuela,A18048,1.0959
2020,Zona rural,Cogollos de Guadix,A18049,85.7955
2020,Zona de densidad intermedia,Cogollos de la Vega,A18050,44.1026
2020,Zona rural,Colomera,A18051,69.2308
2020,Zona rural,Cortes de Baza,A18053,53.4653
2020,Zona rural,Cortes y Graena,A18054,30.9013
2020,Zona rural,Cúllar,A18056,19.6413
2020,Zona de densidad intermedia,Cúllar Vega,A18057,26.378
2020,Zona de densidad intermedia,Chauchina,A18059,8.9664
2020,Zona rural,Chimeneas,A18061,26.4706
2020,Ciudades,Churriana de la Vega,A18062,24.4105
2020,Zona rural,Darro,A18063,48.996
2020,Zona rural,Dehesas de Guadix,A18064,14.5299
2020,Zona rural,Dehesas Viejas,A18065,100.0
2020,Zona rural,Deifontes,A18066,16.1355
2020,Zona rural,Diezma,A18067,86.4706
2020,Zona rural,Dílar,A18068,96.4088
2020,Zona rural,Dólar,A18069,100.0
2020,Zona rural,Dúdar,A18070,0.0
2020,Zona de densidad intermedia,Dúrcal,A18071,13.9116
2020,Zona rural,Escúzar,A18072,0.0
2020,Zona rural,Ferreira,A18074,0.0
2020,Zona rural,Fonelas,A18076,77.6256
2020,Zona rural,Fornes,A18077,100.0
2020,Zona rural,Freila,A18078,12.069
2020,Zona de densidad intermedia,Fuente Vaqueros,A18079,0.0
2020,Zona rural,Galera,A18082,38.9189
2020,Zona rural,Gobernador,A18083,100.0
2020,Ciudades,Gójar,A18084,4.5812
2020,Zona rural,Gor,A18085,31.3653
2020,Zona rural,Gorafe,A18086,100.0
2020,Ciudades,Granada,A18087,0.474
2020,Zona rural,Guadahortuna,A18088,1.4164
2020,Zona de densidad intermedia,Guadix,A18089,21.0526
2020,Zona rural,Gualchos,A18093,81.883
2020,Zona rural,Güéjar Sierra,A18094,14.5522
2020,Zona rural,Güevéjar,A18095,11.3565
2020,Zona rural,Huélago,A18096,100.0
2020,Zona rural,Huéneja,A18097,100.0
2020,Zona de densidad intermedia,Huéscar,A18098,44.0708
2020,Zona rural,Huétor de Santillán,A18099,95.2381
2020,Zona de densidad intermedia,Huétor Tájar,A18100,0.6281
2020,Ciudades,Huétor Vega,A18101,0.0
2020,Zona rural,Íllora,A18102,27.6479
2020,Zona rural,Ítrabo,A18103,100.0
2020,Zona de densidad intermedia,Iznalloz,A18105,48.2353
2020,Zona rural,Játar,A18106,100.0
2020,Zona rural,Jayena,A18107,16.7401
2020,Zona rural,Jérez del Marquesado,A18108,0.7968
2020,Zona rural,Jete,A18109,100.0
2020,Zona rural,Jun,A18111,18.7683
2020,Zona rural,Juviles,A18112,0.0
2020,Zona rural,"Calahorra, La",A18114,6.4327
2020,Zona rural,Láchar,A18115,0.0
2020,Zona rural,Lanjarón,A18116,7.0496
2020,Zona rural,Lanteira,A18117,13.0137
2020,Zona rural,Lecrín,A18119,84.2779
2020,Zona rural,Lentegí,A18120,100.0
2020,Zona rural,Lobras,A18121,80.7692
2020,Zona de densidad intermedia,Loja,A18122,19.0607
2020,Zona rural,Lugros,A18123,7.2072
2020,Zona rural,Lújar,A18124,83.6879
2020,Zona rural,"Malahá, La",A18126,100.0
2020,Ciudades,Maracena,A18127,0.4928
2020,Zona rural,Marchal,A18128,100.0
2020,Zona rural,Moclín,A18132,69.807
2020,Zona rural,Molvízar,A18133,3.3929
2020,Ciudades,Monachil,A18134,25.4658
2020,Zona rural,Montefrío,A18135,10.3796
2020,Zona rural,Montejícar,A18136,10.5263
2020,Zona rural,Montillana,A18137,88.4892
2020,Zona rural,Moraleda de Zafayona,A18138,8.7379
2020,Zona de densidad intermedia,Motril,A18140,1.9541
2020,Zona rural,Murtas,A18141,100.0
2020,Zona rural,Nigüelas,A18143,99.6139
2020,Zona de densidad intermedia,Nívar,A18144,98.5294
2020,Ciudades,Ogíjares,A18145,12.0361
2020,Zona rural,Orce,A18146,72.293
2020,Zona rural,Órgiva,A18147,95.1062
2020,Zona rural,Otívar,A18148,100.0
2020,Zona de densidad intermedia,Villa de Otura,A18149,51.8227
2020,Zona de densidad intermedia,Padul,A18150,8.5943
2020,Zona rural,Pampaneira,A18151,0.0
2020,Zona rural,Pedro Martínez,A18152,73.3974
2020,Zona de densidad intermedia,Peligros,A18153,18.4228
2020,Zona rural,"Peza, La",A18154,0.7326
2020,Zona rural,Pinos Genil,A18157,19.0
2020,Zona de densidad intermedia,Pinos Puente,A18158,32.577
2020,Zona rural,Píñar,A18159,97.0464
2020,Zona rural,Polícar,A18161,9.4595
2020,Zona rural,Polopos,A18162,100.0
2020,Zona rural,Pórtugos,A18163,100.0
2020,Zona rural,Puebla de Don Fadrique,A18164,18.1467
2020,Ciudades,Pulianas,A18165,1.4493
2020,Zona rural,Purullena,A18167,5.7554
2020,Zona rural,Quéntar,A18168,0.9524
2020,Zona rural,Rubite,A18170,85.7143
2020,Zona rural,Salar,A18171,1.6575
2020,Zona de densidad intermedia,Salobreña,A18173,47.6628
2020,Zona rural,Santa Cruz del Comercio,A18174,0.0
2020,Zona de densidad intermedia,Santa Fe,A18175,6.9786
2020,Zona rural,Soportújar,A18176,4.7059
2020,Zona rural,Sorvilán,A18177,100.0
2020,Zona rural,Torre-Cardela,A18178,0.8584
2020,Zona rural,Torvizcón,A18179,99.4652
2020,Zona rural,Trevélez,A18180,57.1429
2020,Zona rural,Turón,A18181,100.0
2020,Zona rural,Ugíjar,A18182,27.5132
2020,Zona rural,Válor,A18183,99.0385
2020,Zona rural,Vélez de Benaudalla,A18184,18.0832
2020,Zona rural,Ventas de Huelma,A18185,100.0
2020,Zona rural,Villanueva de las Torres,A18187,100.0
2020,Zona rural,Villanueva Mesía,A18188,2.0672
2020,Zona de densidad intermedia,Víznar,A18189,40.3974
2020,Zona rural,Zafarraya,A18192,0.0
2020,Ciudades,"Zubia, La",A18193,0.4027
2020,Zona rural,Zújar,A18194,100.0
2020,Zona rural,"Taha, La",A18901,94.3005
2020,Zona rural,"Valle, El",A18902,100.0
2020,Zona rural,Nevada,A18903,90.4943
2020,Zona rural,Alpujarra de la Sierra,A18904,100.0
2020,Ciudades,"Gabias, Las",A18905,7.2265
2020,Zona rural,"Guájares, Los",A18906,33.6449
2020,Zona rural,Valle del Zalabí,A18907,18.0077
2020,Zona de densidad intermedia,Villamena,A18908,65.534
2020,Zona rural,Morelábor,A18909,6.1798
2020,Zona rural,"Pinar, El",A18910,36.4444
2020,Zona de densidad intermedia,Vegas del Genil,A18911,36.4125
2020,Zona rural,Cuevas del Campo,A18912,98.7654
2020,Zona rural,Zagra,A18913,2.3041
2020,Zona rural,Valderrubio,A18914,7.7519
2020,Zona rural,Domingo Pérez de Granada,A18915,4.3478
2020,Zona rural,Torrenueva Costa,A18916,10.1099
2020,Zona rural,Alájar,A21001,0.7042
2020,Zona de densidad intermedia,Aljaraque,A21002,5.0964
2020,Zona rural,"Almendro, El",A21003,70.4142
2020,Zona rural,Almonaster la Real,A21004,15.0718
2020,Zona de densidad intermedia,Almonte,A21005,0.2596
2020,Zona rural,Alosno,A21006,44.8459
2020,Zona de densidad intermedia,Aracena,A21007,10.1523
2020,Zona rural,Aroche,A21008,41.746
2020,Zona rural,Arroyomolinos de León,A21009,56.1753
2020,Zona de densidad intermedia,Ayamonte,A21010,20.3243
2020,Zona rural,Beas,A21011,24.0924
2020,Zona rural,Berrocal,A21012,7.9208
2020,Zona de densidad intermedia,Bollullos Par del Condado,A21013,2.5059
2020,Zona de densidad intermedia,Bonares,A21014,0.5336
2020,Zona rural,Cabezas Rubias,A21015,1.676
2020,Zona rural,Cala,A21016,11.3924
2020,Zona rural,Calañas,A21017,68.9775
2020,Zona rural,"Campillo, El",A21018,2.3622
2020,Zona rural,Campofrío,A21019,97.5758
2020,Zona rural,Cañaveral de León,A21020,100.0
2020,Zona de densidad intermedia,Cartaya,A21021,6.9697
2020,Zona rural,Castaño del Robledo,A21022,2.439
2020,Zona rural,"Cerro de Andévalo, El",A21023,99.8288
2020,Zona rural,Corteconcepción,A21024,0.0
2020,Zona rural,Cortegana,A21025,9.9798
2020,Zona rural,Cortelazor,A21026,100.0
2020,Zona rural,Cumbres de Enmedio,A21027,100.0
2020,Zona rural,Cumbres de San Bartolomé,A21028,96.8
2020,Zona rural,Cumbres Mayores,A21029,0.0
2020,Zona rural,Chucena,A21030,0.0
2020,Zona rural,Encinasola,A21031,2.0619
2020,Zona de densidad intermedia,Escacena del Campo,A21032,0.7075
2020,Zona rural,Fuenteheridos,A21033,1.8182
2020,Zona rural,Galaroza,A21034,0.3247
2020,Zona de densidad intermedia,Gibraleón,A21035,2.231
2020,Zona rural,"Granada de Río-Tinto, La",A21036,0.0
2020,Zona rural,"Granado, El",A21037,100.0
2020,Zona rural,Higuera de la Sierra,A21038,100.0
2020,Zona rural,Hinojales,A21039,100.0
2020,Zona rural,Hinojos,A21040,0.1259
2020,Ciudades,Huelva,A21041,0.6243
2020,Zona de densidad intermedia,Isla Cristina,A21042,10.7667
2020,Zona rural,Jabugo,A21043,1.7995
2020,Zona de densidad intermedia,Lepe,A21044,2.6375
2020,Zona rural,Linares de la Sierra,A21045,100.0
2020,Zona rural,Lucena del Puerto,A21046,20.6897
2020,Zona rural,Manzanilla,A21047,27.0153
2020,Zona rural,"Marines, Los",A21048,0.0
2020,Zona rural,Minas de Riotinto,A21049,13.0937
2020,Zona de densidad intermedia,Moguer,A21050,2.5051
2020,Zona rural,"Nava, La",A21051,0.0
2020,Zona rural,Nerva,A21052,0.0
2020,Zona rural,Niebla,A21053,7.0721
2020,Zona de densidad intermedia,"Palma del Condado, La",A21054,0.1687
2020,Zona de densidad intermedia,Palos de la Frontera,A21055,3.2411
2020,Zona de densidad intermedia,Paterna del Campo,A21056,0.8794
2020,Zona rural,Paymogo,A21057,90.6367
2020,Zona rural,Puebla de Guzmán,A21058,100.0
2020,Zona rural,Puerto Moral,A21059,0.0
2020,Zona de densidad intermedia,Punta Umbría,A21060,16.4809
2020,Zona de densidad intermedia,Rociana del Condado,A21061,10.5816
2020,Zona rural,Rosal de la Frontera,A21062,7.346
2020,Zona rural,San Bartolomé de la Torre,A21063,99.8438
2020,Zona de densidad intermedia,San Juan del Puerto,A21064,0.5998
2020,Zona rural,Sanlúcar de Guadiana,A21065,5.9322
2020,Zona rural,San Silvestre de Guzmán,A21066,100.0
2020,Zona rural,Santa Ana la Real,A21067,68.2243
2020,Zona rural,Santa Bárbara de Casa,A21068,100.0
2020,Zona rural,Santa Olalla del Cala,A21069,80.7487
2020,Zona de densidad intermedia,Trigueros,A21070,99.6364
2020,Zona rural,Valdelarco,A21071,100.0
2020,Zona de densidad intermedia,Valverde del Camino,A21072,5.7867
2020,Zona rural,Villablanca,A21073,8.8795
2020,Zona rural,Villalba del Alcor,A21074,4.5058
2020,Zona rural,Villanueva de las Cruces,A21075,100.0
2020,Zona rural,Villanueva de los Castillejos,A21076,35.6031
2020,Zona rural,Villarrasa,A21077,99.7872
2020,Zona rural,Zalamea la Real,A21078,54.558
2020,Zona rural,Zufre,A21079,0.5291
2020,Zona rural,"Zarza-Perrunal, La",A21902,0.0
2020,Zona rural,Albanchez de Mágina,A23001,0.0
2020,Zona de densidad intermedia,Alcalá la Real,A23002,18.3811
2020,Zona de densidad intermedia,Alcaudete,A23003,20.4651
2020,Zona rural,Aldeaquemada,A23004,0.0
2020,Zona de densidad intermedia,Andújar,A23005,5.8156
2020,Zona de densidad intermedia,Arjona,A23006,0.0
2020,Zona rural,Arjonilla,A23007,0.0
2020,Zona rural,Arquillos,A23008,49.8423
2020,Zona de densidad intermedia,Baeza,A23009,3.7644
2020,Zona de densidad intermedia,Bailén,A23010,16.948
2020,Zona rural,Baños de la Encina,A23011,0.0
2020,Zona rural,Beas de Segura,A23012,6.7437
2020,Zona rural,Begíjar,A23014,0.8945
2020,Zona rural,Bélmez de la Moraleda,A23015,43.6031
2020,Zona rural,Benatae,A23016,0.0
2020,Zona rural,Cabra del Santo Cristo,A23017,3.2911
2020,Zona rural,Cambil,A23018,24.3711
2020,Zona rural,Campillo de Arenas,A23019,4.3928
2020,Zona de densidad intermedia,Canena,A23020,0.0
2020,Zona rural,Carboneros,A23021,17.5573
2020,Zona de densidad intermedia,"Carolina, La",A23024,4.8333
2020,Zona rural,Castellar,A23025,0.5137
2020,Zona rural,Castillo de Locubín,A23026,13.7411
2020,Zona rural,Cazalilla,A23027,36.3636
2020,Zona de densidad intermedia,Cazorla,A23028,5.552
2020,Zona rural,Chiclana de Segura,A23029,19.1729
2020,Zona rural,Chilluévar,A23030,0.2841
2020,Zona rural,Escañuela,A23031,0.0
2020,Zona rural,Espeluy,A23032,67.9389
2020,Zona rural,Frailes,A23033,15.011
2020,Zona rural,Fuensanta de Martos,A23034,15.4532
2020,Zona rural,Fuerte del Rey,A23035,1.0676
2020,Zona rural,Génave,A23037,0.0
2020,Zona rural,"Guardia de Jaén, La",A23038,22.9126
2020,Zona rural,Guarromán,A23039,6.1785
2020,Zona rural,Lahiguera,A23040,0.2375
2020,Zona rural,Higuera de Calatrava,A23041,0.0
2020,Zona rural,Hinojares,A23042,84.1121
2020,Zona rural,Hornos,A23043,4.6154
2020,Zona de densidad intermedia,Huelma,A23044,5.6714
2020,Zona rural,Huesa,A23045,6.576
2020,Zona rural,Ibros,A23046,0.0
2020,Zona rural,"Iruela, La",A23047,7.5419
2020,Zona rural,Iznatoraf,A23048,8.1197
2020,Zona rural,Jabalquinto,A23049,0.0
2020,Ciudades,Jaén,A23050,0.9455
2020,Zona de densidad intermedia,Jamilena,A23051,0.0
2020,Zona rural,Jimena,A23052,66.1238
2020,Zona de densidad intermedia,Jódar,A23053,27.563
2020,Zona rural,Larva,A23054,0.0
2020,Ciudades,Linares,A23055,3.1253
2020,Zona rural,Lopera,A23056,0.0
2020,Zona rural,Lupión,A23057,28.5024
2020,Zona de densidad intermedia,Mancha Real,A23058,1.3801
2020,Zona de densidad intermedia,Marmolejo,A23059,0.922
2020,Zona de densidad intermedia,Martos,A23060,1.8636
2020,Zona de densidad intermedia,Mengíbar,A23061,0.3472
2020,Zona rural,Montizón,A23062,58.3548
2020,Zona rural,Navas de San Juan,A23063,0.0
2020,Zona rural,Noalejo,A23064,2.5532
2020,Zona rural,Orcera,A23065,21.4118
2020,Zona de densidad intermedia,Peal de Becerro,A23066,2.7953
2020,Zona rural,Pegalajar,A23067,4.3689
2020,Zona de densidad intermedia,Porcuna,A23069,3.148
2020,Zona rural,Pozo Alcón,A23070,12.764
2020,Zona rural,Puente de Génave,A23071,13.544
2020,Zona rural,"Puerta de Segura, La",A23072,7.9365
2020,Zona rural,Quesada,A23073,12.8645
2020,Zona de densidad intermedia,Rus,A23074,21.8077
2020,Zona rural,Sabiote,A23075,0.9592
2020,Zona rural,Santa Elena,A23076,0.0
2020,Zona rural,Santiago de Calatrava,A23077,31.6583
2020,Zona rural,Santisteban del Puerto,A23079,0.0
2020,Zona rural,Santo Tomé,A23080,1.9455
2020,Zona rural,Segura de la Sierra,A23081,7.0922
2020,Zona rural,Siles,A23082,0.6826
2020,Zona rural,Sorihuela del Guadalimar,A23084,28.8066
2020,Zona rural,Torreblascopedro,A23085,0.3559
2020,Zona de densidad intermedia,Torredelcampo,A23086,0.041
2020,Zona de densidad intermedia,Torredonjimeno,A23087,0.0
2020,Zona de densidad intermedia,Torreperogil,A23088,0.5288
2020,Zona rural,Torres,A23090,0.0
2020,Zona rural,Torres de Albánchez,A23091,1.8182
2020,Zona de densidad intermedia,Úbeda,A23092,2.2233
2020,Zona rural,Valdepeñas de Jaén,A23093,0.2353
2020,Zona rural,Vilches,A23094,10.2941
2020,Zona de densidad intermedia,Villacarrillo,A23095,23.2856
2020,Zona rural,Villanueva de la Reina,A23096,8.6743
2020,Zona de densidad intermedia,Villanueva del Arzobispo,A23097,1.7276
2020,Zona rural,Villardompardo,A23098,31.4961
2020,Zona de densidad intermedia,"Villares, Los",A23099,0.7976
2020,Zona rural,Villarrodrigo,A23101,0.7937
2020,Zona rural,Cárcheles,A23901,21.5873
2020,Zona rural,Bedmar y Garcíez,A23902,1.6071
2020,Zona rural,Villatorres,A23903,10.8922
2020,Zona rural,Santiago-Pontones,A23904,10.0894
2020,Zona rural,Arroyo del Ojanco,A23905,1.2793
2020,Zona de densidad intermedia,Alameda,A29001,1.9953
2020,Zona rural,Alcaucín,A29002,9.0674
2020,Zona rural,Alfarnate,A29003,15.7191
2020,Zona rural,Alfarnatejo,A29004,100.0
2020,Zona de densidad intermedia,Algarrobo,A29005,1.0145
2020,Zona rural,Algatocín,A29006,9.596
2020,Zona de densidad intermedia,Alhaurín de la Torre,A29007,19.0741
2020,Zona de densidad intermedia,Alhaurín el Grande,A29008,25.2877
2020,Zona rural,Almáchar,A29009,100.0
2020,Zona rural,Almargen,A29010,0.2299
2020,Zona rural,Almogía,A29011,95.641
2020,Zona de densidad intermedia,Álora,A29012,98.92
2020,Zona rural,Alozaina,A29013,90.2893
2020,Zona rural,Alpandeire,A29014,0.0
2020,Zona de densidad intermedia,Antequera,A29015,9.676
2020,Zona rural,Árchez,A29016,100.0
2020,Zona de densidad intermedia,Archidona,A29017,16.3431
2020,Zona rural,Ardales,A29018,98.9407
2020,Zona rural,Arenas,A29019,94.9664
2020,Zona rural,Arriate,A29020,13.8201
2020,Zona rural,Atajate,A29021,100.0
2020,Zona rural,Benadalid,A29022,94.6429
2020,Zona rural,Benahavís,A29023,63.3901
2020,Zona rural,Benalauría,A29024,22.1239
2020,Ciudades,Benalmádena,A29025,25.0656
2020,Zona rural,Benamargosa,A29026,13.1016
2020,Zona rural,Benamocarra,A29027,0.4008
2020,Zona rural,Benaoján,A29028,42.9553
2020,Zona rural,Benarrabá,A29029,0.8696
2020,Zona rural,"Borge, El",A29030,5.0
2020,Zona rural,"Burgo, El",A29031,4.6117
2020,Zona de densidad intermedia,Campillos,A29032,2.6954
2020,Zona rural,Canillas de Aceituno,A29033,20.625
2020,Zona rural,Canillas de Albaida,A29034,46.0674
2020,Zona rural,Cañete la Real,A29035,50.0
2020,Zona rural,Carratraca,A29036,0.6329
2020,Zona rural,Cartajima,A29037,0.0
2020,Zona de densidad intermedia,Cártama,A29038,28.2353
2020,Zona rural,Casabermeja,A29039,21.4804
2020,Zona rural,Casarabonela,A29040,23.227
2020,Zona rural,Casares,A29041,50.3299
2020,Zona de densidad intermedia,Coín,A29042,25.4414
2020,Zona rural,Colmenar,A29043,6.9565
2020,Zona rural,Comares,A29044,62.4434
2020,Zona rural,Cómpeta,A29045,7.3756
2020,Zona rural,Cortes de la Frontera,A29046,12.8483
2020,Zona rural,Cuevas Bajas,A29047,2.1818
2020,Zona rural,Cuevas del Becerro,A29048,100.0
2020,Zona rural,Cuevas de San Marcos,A29049,3.1291
2020,Zona rural,Cútar,A29050,100.0
2020,Zona de densidad intermedia,Estepona,A29051,24.7859
2020,Zona rural,Faraján,A29052,0.0
2020,Zona rural,Frigiliana,A29053,11.0181
2020,Ciudades,Fuengirola,A29054,13.5619
2020,Zona rural,Fuente de Piedra,A29055,40.3922
2020,Zona rural,Gaucín,A29056,18.2051
2020,Zona rural,Genalguacil,A29057,0.0
2020,Zona rural,Guaro,A29058,94.2379
2020,Zona rural,Humilladero,A29059,5.6751
2020,Zona rural,Igualeja,A29060,0.0
2020,Zona rural,Istán,A29061,57.8947
2020,Zona rural,Iznate,A29062,6.5868
2020,Zona rural,Jimera de Líbar,A29063,78.1818
2020,Zona rural,Jubrique,A29064,0.0
2020,Zona rural,Júzcar,A29065,0.0
2020,Zona rural,Macharaviaya,A29066,35.4839
2020,Ciudades,Málaga,A29067,1.956
2020,Zona de densidad intermedia,Manilva,A29068,59.7424
2020,Zona de densidad intermedia,Marbella,A29069,15.1035
2020,Ciudades,Mijas,A29070,26.438
2020,Zona rural,Moclinejo,A29071,100.0
2020,Zona rural,Mollina,A29072,83.3194
2020,Zona rural,Monda,A29073,8.0189
2020,Zona rural,Montejaque,A29074,77.6952
2020,Zona de densidad intermedia,Nerja,A29075,3.6409
2020,Zona rural,Ojén,A29076,1.9011
2020,Zona rural,Parauta,A29077,100.0
2020,Zona rural,Periana,A29079,26.0188
2020,Zona de densidad intermedia,Pizarra,A29080,88.8889
2020,Zona rural,Pujerra,A29081,0.0
2020,Zona de densidad intermedia,Rincón de la Victoria,A29082,12.9107
2020,Zona rural,Riogordo,A29083,26.1538
2020,Zona de densidad intermedia,Ronda,A29084,7.5563
2020,Zona rural,Salares,A29085,4.0
2020,Zona rural,Sayalonga,A29086,32.0
2020,Zona rural,Sedella,A29087,90.0
2020,Zona rural,Sierra de Yeguas,A29088,100.0
2020,Zona rural,Teba,A29089,69.339
2020,Zona rural,Tolox,A29090,2.554
2020,Zona de densidad intermedia,Torrox,A29091,34.5531
2020,Zona rural,Totalán,A29092,100.0
2020,Zona rural,Valle de Abdalajís,A29093,4.6667
2020,Zona de densidad intermedia,Vélez-Málaga,A29094,6.5179
2020,Zona rural,Villanueva de Algaidas,A29095,14.2702
2020,Zona rural,Villanueva del Rosario,A29096,6.6919
2020,Zona rural,Villanueva del Trabuco,A29097,9.5053
2020,Zona rural,Villanueva de Tapia,A29098,6.5104
2020,Zona rural,Viñuela,A29099,41.2568
2020,Zona rural,Yunquera,A29100,97.084
2020,Ciudades,Torremolinos,A29901,1.5981
2020,Zona rural,Villanueva de la Concepción,A29902,31.405
2020,Zona rural,Montecorto,A29903,0.6993
2020,Zona rural,Serrato,A29904,100.0
2020,Zona rural,Aguadulce,A41001,6.1033
2020,Zona rural,Alanís,A41002,36.7521
2020,Zona de densidad intermedia,Albaida del Aljarafe,A41003,0.0
2020,Ciudades,Alcalá de Guadaíra,A41004,6.1763
2020,Zona de densidad intermedia,Alcalá del Río,A41005,11.6
2020,Zona rural,Alcolea del Río,A41006,0.0
2020,Zona de densidad intermedia,"Algaba, La",A41007,0.1737
2020,Zona rural,Algámitas,A41008,0.0
2020,Zona rural,Almadén de la Plata,A41009,100.0
2020,Zona de densidad intermedia,Almensilla,A41010,2.9052
2020,Zona de densidad intermedia,Arahal,A41011,1.1175
2020,Zona rural,Aznalcázar,A41012,0.9887
2020,Zona de densidad intermedia,Aznalcóllar,A41013,0.0
2020,Zona rural,Badolatosa,A41014,21.9008
2020,Zona de densidad intermedia,Benacazón,A41015,0.1121
2020,Zona de densidad intermedia,Bollullos de la Mitación,A41016,1.8605
2020,Ciudades,Bormujos,A41017,0.0
2020,Zona de densidad intermedia,Brenes,A41018,0.0
2020,Zona de densidad intermedia,Burguillos,A41019,0.0
2020,Zona de densidad intermedia,"Cabezas de San Juan, Las",A41020,2.1384
2020,Ciudades,Camas,A41021,1.0531
2020,Zona de densidad intermedia,"Campana, La",A41022,0.0
2020,Zona de densidad intermedia,Cantillana,A41023,4.5977
2020,Zona de densidad intermedia,Carmona,A41024,14.7416
2020,Zona rural,Carrión de los Céspedes,A41025,0.0
2020,Zona de densidad intermedia,Casariche,A41026,5.101
2020,Zona rural,Castilblanco de los Arroyos,A41027,14.8958
2020,Zona de densidad intermedia,Castilleja de Guzmán,A41028,3.1111
2020,Ciudades,Castilleja de la Cuesta,A41029,0.0
2020,Zona rural,Castilleja del Campo,A41030,98.3333
2020,Zona rural,"Castillo de las Guardas, El",A41031,21.5152
2020,Zona rural,Cazalla de la Sierra,A41032,1.0718
2020,Zona de densidad intermedia,Constantina,A41033,100.0
2020,Zona de densidad intermedia,Coria del Río,A41034,3.3523
2020,Zona rural,Coripe,A41035,7.9412
2020,Zona rural,"Coronil, El",A41036,100.0
2020,Zona de densidad intermedia,"Corrales, Los",A41037,0.0
2020,Ciudades,Dos Hermanas,A41038,4.0468
2020,Zona de densidad intermedia,Écija,A41039,7.8627
2020,Zona de densidad intermedia,Espartinas,A41040,7.5565
2020,Zona de densidad intermedia,Estepa,A41041,0.317
2020,Zona de densidad intermedia,Fuentes de Andalucía,A41042,0.0
2020,Zona rural,"Garrobo, El",A41043,100.0
2020,Ciudades,Gelves,A41044,13.1103
2020,Zona de densidad intermedia,Gerena,A41045,2.0017
2020,Zona rural,Gilena,A41046,37.8834
2020,Ciudades,Gines,A41047,0.0
2020,Zona rural,Guadalcanal,A41048,88.0911
2020,Zona de densidad intermedia,Guillena,A41049,2.5
2020,Zona de densidad intermedia,Herrera,A41050,0.1738
2020,Zona rural,Huévar del Aljarafe,A41051,3.838
2020,Zona rural,Lantejuela,A41052,100.0
2020,Zona de densidad intermedia,Lebrija,A41053,1.6065
2020,Zona rural,Lora de Estepa,A41054,10.9756
2020,Zona de densidad intermedia,Lora del Río,A41055,8.3039
2020,Zona rural,"Luisiana, La",A41056,0.1294
2020,Zona rural,"Madroño, El",A41057,82.0
2020,Zona de densidad intermedia,Mairena del Alcor,A41058,4.0978
2020,Ciudades,Mairena del Aljarafe,A41059,0.3377
2020,Zona de densidad intermedia,Marchena,A41060,0.1777
2020,Zona rural,Marinaleda,A41061,0.0
2020,Zona de densidad intermedia,Martín de la Jara,A41062,0.0
2020,Zona rural,"Molares, Los",A41063,100.0
2020,Zona de densidad intermedia,Montellano,A41064,20.5259
2020,Zona de densidad intermedia,Morón de la Frontera,A41065,30.8564
2020,Zona rural,"Navas de la Concepción, Las",A41066,79.9401
2020,Zona de densidad intermedia,Olivares,A41067,0.2987
2020,Zona de densidad intermedia,Osuna,A41068,11.077
2020,Zona de densidad intermedia,"Palacios y Villafranca, Los",A41069,0.6
2020,Ciudades,Palomares del Río,A41070,10.7658
2020,Zona de densidad intermedia,Paradas,A41071,100.0
2020,Zona de densidad intermedia,Pedrera,A41072,99.8812
2020,Zona rural,"Pedroso, El",A41073,100.0
2020,Zona rural,Peñaflor,A41074,100.0
2020,Zona de densidad intermedia,Pilas,A41075,0.4822
2020,Zona rural,Pruna,A41076,0.0
2020,Zona de densidad intermedia,"Puebla de Cazalla, La",A41077,0.0
2020,Zona rural,"Puebla de los Infantes, La",A41078,8.9666
2020,Zona de densidad intermedia,"Puebla del Río, La",A41079,8.1264
2020,Zona rural,"Real de la Jara, El",A41080,88.4984
2020,Zona de densidad intermedia,"Rinconada, La",A41081,3.5253
2020,Zona rural,"Roda de Andalucía, La",A41082,3.5952
2020,Zona rural,"Ronquillo, El",A41083,0.0
2020,Zona rural,"Rubio, El",A41084,0.0
2020,Zona de densidad intermedia,Salteras,A41085,0.4178
2020,Ciudades,San Juan de Aznalfarache,A41086,0.0
2020,Zona de densidad intermedia,Sanlúcar la Mayor,A41087,10.9719
2020,Zona rural,San Nicolás del Puerto,A41088,100.0
2020,Zona de densidad intermedia,Santiponce,A41089,0.0
2020,Zona rural,"Saucejo, El",A41090,18.8209
2020,Ciudades,Sevilla,A41091,0.529
2020,Zona de densidad intermedia,Tocina,A41092,0.4459
2020,Ciudades,Tomares,A41093,0.618
2020,Zona de densidad intermedia,Umbrete,A41094,2.6892
2020,Zona de densidad intermedia,Utrera,A41095,8.7532
2020,Zona de densidad intermedia,Valencina de la Concepción,A41096,0.3221
2020,Zona rural,Villamanrique de la Condesa,A41097,0.0
2020,Zona de densidad intermedia,Villanueva del Ariscal,A41098,1.0661
2020,Zona rural,Villanueva del Río y Minas,A41099,17.3038
2020,Zona rural,Villanueva de San Juan,A41100,100.0
2020,Zona de densidad intermedia,Villaverde del Río,A41101,0.2629
2020,Zona de densidad intermedia,"Viso del Alcor, El",A41102,0.7282
2020,Zona rural,Cañada Rosal,A41901,0.0
2020,Zona de densidad intermedia,Isla Mayor,A41902,7.486
2020,Zona de densidad intermedia,"Cuervo de Sevilla, El",A41903,0.6341
2020,Zona rural,"Palmar de Troya, El",A41904,100.0
